Calories_Burned,Workout_Type,Session_Duration (hours)
712.0,Strength,1.12
833.0,Strength,1.0
1678.0,Cardio,1.24
628.0,Cardio,1.45
1286.0,Strength,1.6
953.0,HIIT,1.62
1238.0,Cardio,1.46
829.0,Strength,1.63
802.0,HIIT,0.77
1231.0,Yoga,2.0
747.0,Yoga,1.89
672.0,,2.0
1705.0,Strength,1.61
1564.0,HIIT,0.65
464.0,Cardio,1.15
1410.0,Yoga,1.03
1195.0,HIIT,1.45
871.0,Cardio,0.69
853.0,Yoga,1.5
1136.0,Cardio,1.3
931.0,Yoga,1.27
453.0,HIIT,1.44
1708.0,Yoga,1.38
772.0,Strength,
888.0,Strength,1.15
758.0,Yoga,1.94
1044.0,HIIT,1.56
1266.0,Cardio,1.51
1783.0,Cardio,1.28
1090.0,Yoga,1.4
861.0,Cardio,2.0
938.0,Yoga,1.61
930.0,Strength,0.7
631.0,HIIT,1.28
1355.0,Strength,1.52
1258.0,Cardio,1.2
1211.0,Strength,0.92
1152.0,Strength,1.56
1482.0,Cardio,0.89
851.0,Strength,1.18
621.0,Strength,0.92
1464.0,Yoga,0.74
1062.0,Cardio,1.53
1415.0,,1.4
736.0,,2.0
338.0,Cardio,1.04
980.0,Cardio,1.27
632.0,HIIT,1.91
1119.0,Cardio,2.0
867.0,Strength,1.12
771.0,Cardio,1.08
1165.0,Yoga,1.34
900.0,HIIT,1.14
1767.0,Yoga,1.12
1519.0,HIIT,1.3
954.0,Yoga,1.76
876.0,Yoga,1.43
695.0,Yoga,1.23
566.0,Cardio,1.9
1105.0,Yoga,1.14
582.0,Strength,1.11
1010.0,Cardio,1.04
969.0,Strength,1.41
468.0,\nStrength,0.98
1306.0,\tCardio,1.98
931.0,Strength,1.92
899.0,Strength,0.95
679.0,Cardio,1.39
1208.0,HIIT,0.74
1189.0,Strength,1.29
1203.0,Cardio,1.16
744.0,HIIT,1.59
1313.0,\tCardio,1.23
1020.0,Cardio,1.16
1052.0,Cardio,1.28
1084.0,,1.23
583.0,Strength,0.78
1145.0,Strength,1.91
975.0,,1.07
880.0,Yoga,2.0
1583.0,Strength,2.0
815.0,HIIT,1.62
1726.0,Cardio,1.54
1248.0,HIIT,0.87
840.0,Strength,1.56
643.0,Strength,1.23
995.0,,1.02
1096.0,Yoga,1.42
1238.0,Yoga,1.03
1064.0,HIIT,1.18
1573.0,HIIT,1.46
1692.0,Yoga,1.5
1095.0,Yoga,1.26
1091.0,Cardio,1.58
1349.0,Cardio,1.47
1740.0,\tCardio,2.0
868.0,Strength,1.56
1309.0,HIIT,1.25
767.0,Strength,1.19
733.0,HIIT,1.49
1095.0,HIIT,2.0
1392.0,Strength,1.45
1237.0,Cardio,1.27
,Strength,1.37
919.0,HIIT,1.19
936.0,Cardio,1.47
864.0,HIIT,1.3
1066.0,Cardio,1.37
772.0,Strength,1.35
963.0,HIIT,1.9
1429.0,Yoga,1.2
676.0,Strength,1.38
1235.0,Strength,1.1
987.0,HIIT,1.44
880.0,Strength,1.58
1073.0,HIIT,1.87
1218.0,Yoga,0.58
1493.0,Strength,1.58
1065.0,HIIT,1.64
419.0,,1.44
780.0,HIIT,1.23
695.0,Strength,2.0
670.0,Cardio,1.01
942.0,Yoga,1.47
976.0,Yoga,1.1
993.0,HIIT,0.88
1307.0,Cardio,1.35
611.0,HIIT,1.2
753.0,Yoga,1.72
735.0,Strength,1.38
1449.0,Yoga,2.0
1529.0,Cardio,0.86
1516.0,Strength,1.93
893.0,Cardio,0.52
1783.0,Yoga,1.36
1445.0,Strength,1.64
872.0,Yoga,1.37
1265.0,Yoga,1.19
1245.0,Yoga,1.59
1243.0,Strength,0.91
1239.0,Cardio,1.34
1595.0,,1.31
770.0,Yoga,1.64
1031.0,Yoga,1.59
1783.0,HIIT,1.39
949.0,Strength,1.32
943.0,HIIT,1.28
1212.0,Cardio,1.34
1040.0,HIIT,1.29
990.0,Yoga,1.77
622.0,Strength,1.84
765.0,,1.29
1166.0,Cardio,1.05
582.0,HIIT,1.36
825.0,Cardio,1.66
1319.0,,1.28
1426.0,Cardio,0.98
1461.0,HIIT,1.04
1176.0,Strength,0.91
1153.0,HIIT,0.64
1318.0,,2.0
793.0,Strength,0.75
998.0,Strength,2.0
1127.0,\tYoga,2.0
979.0,Cardio,2.0
1149.0,Yoga,1.3
1094.0,Yoga,1.49
470.0,Yoga,0.98
904.0,Strength,1.82
988.0,HIIT,2.0
1134.0,Yoga,1.63
1783.0,Cardio,1.24
782.0,Strength,1.17
1347.0,Cardio,1.41
1278.0,HIIT,
1228.0,Strength,1.87
1468.0,Cardio,2.0
1741.0,,1.46
659.0,Cardio,0.86
1325.0,Yoga,2.0
1446.0,Yoga,1.4
902.0,HIIT,1.3
526.0,Yoga,1.23
533.0,HIIT,1.04
763.0,HIIT,
1382.0,Cardio,0.76
830.0,Cardio,0.73
406.0,Strength,1.02
639.0,Yoga,0.5
844.0,Cardio,1.54
1299.0,Strength,2.0
1710.0,Cardio,1.39
1766.0,HIIT,1.73
1140.0,Cardio,1.18
,Strength,1.44
1234.0,Strength,1.36
1273.0,Strength,0.83
1674.0,Cardio,1.22
906.0,Cardio,1.09
1783.0,Cardio,1.26
1105.0,HIIT,1.93
1436.0,Yoga,1.24
1104.0,Yoga,0.66
790.0,HIIT,1.26
1549.0,Yoga,2.0
925.0,Cardio,1.31
1236.0,Cardio,2.0
991.0,Yoga,1.85
1395.0,Strength,2.0
1155.0,Cardio,1.03
1379.0,Yoga,1.08
1011.0,Yoga,1.33
1783.0,Yoga,1.04
797.0,Cardio,0.82
744.0,Strength,1.82
1414.0,HIIT,1.41
1009.0,Yoga,1.88
716.0,\nStrength,1.89
1298.0,Cardio,1.99
775.0,HIIT,2.0
905.0,Strength,1.13
1783.0,Cardio,1.17
1563.0,Yoga,1.81
848.0,Strength,1.77
992.0,Strength,1.18
1375.0,Strength,0.88
1091.0,Yoga,1.2
1249.0,Cardio,1.27
938.0,HIIT,1.33
948.0,Yoga,1.52
1102.0,HIIT,1.75
1146.0,Yoga,1.69
670.0,,1.16
589.0,HIIT,1.18
1093.0,HIIT,1.09
735.0,Yoga,1.26
1067.0,Strength,1.3
1259.0,Strength,1.35
1207.0,Strength,0.74
950.0,Yoga,2.0
978.0,HIIT,1.07
712.0,Yoga,1.11
686.0,Cardio,2.0
986.0,Yoga,1.26
1042.0,Strength,1.93
543.0,HIIT,1.44
703.0,Strength,1.5
1402.0,Strength,2.0
457.0,HIIT,2.0
1044.0,Yoga,1.28
455.0,Strength,1.65
609.0,,1.09
1250.0,Cardio,1.3
1183.0,HIIT,1.27
1267.0,Strength,0.92
1105.0,Strength,1.77
912.0,Strength,1.21
1171.0,Yoga,1.19
323.0,Yoga,1.19
729.0,Yoga,1.46
1040.0,Cardio,0.99
668.0,\tYoga,0.96
1442.0,Yoga,1.08
,Strength,1.48
607.0,HIIT,1.67
506.0,Strength,1.43
810.0,Strength,1.61
1138.0,Strength,1.33
1173.0,Yoga,1.22
1282.0,Strength,0.69
914.0,,0.95
936.0,Strength,1.42
948.0,Strength,1.09
1156.0,Yoga,1.48
1019.0,Cardio,1.87
1161.0,Cardio,1.05
1311.0,HIIT,1.36
766.0,HIIT,1.13
1185.0,HIIT,1.38
757.0,Cardio,1.97
998.0,Yoga,1.45
1100.0,Yoga,1.11
734.0,Yoga,1.48
1173.0,HIIT,1.27
906.0,Cardio,0.97
829.0,Cardio,0.6
903.0,Yoga,0.93
327.0,Strength,1.03
1356.0,\tCardio,1.18
886.0,Strength,0.9
1475.0,Yoga,1.28
1162.0,Cardio,1.81
1186.0,Yoga,1.23
1308.0,Cardio,1.37
564.0,Strength,2.0
951.0,Cardio,1.04
742.0,HIIT,1.2
1394.0,Yoga,1.47
1091.0,Cardio,1.97
1218.0,Yoga,2.0
1157.0,Cardio,0.93
735.0,Cardio,1.4
725.0,Cardio,1.28
1629.0,Strength,1.34
1278.0,HIIT,0.82
1242.0,Yoga,1.81
901.0,,1.26
1612.0,Yoga,0.79
1132.0,Yoga,1.57
996.0,Strength,1.64
1193.0,Yoga,1.35
1034.0,HIIT,1.36
891.0,Strength,1.1
1374.0,Strength,1.65
500.0,,1.31
384.0,HIIT,
763.0,Yoga,1.53
1069.0,Strength,2.0
416.0,Strength,0.93
973.0,HIIT,1.21
1243.0,Yoga,2.0
741.0,HIIT,1.5
854.0,HIIT,1.52
1314.0,Cardio,2.0
433.0,Strength,1.38
969.0,Yoga,1.41
764.0,Cardio,1.36
790.0,HIIT,1.27
452.0,Cardio,2.0
878.0,Yoga,1.12
1206.0,Cardio,2.0
523.0,HIIT,1.19
1282.0,Yoga,1.98
749.0,Strength,1.42
1415.0,Yoga,1.49
930.0,HIIT,2.0
1303.0,Cardio,0.68
692.0,Cardio,2.0
1776.0,Yoga,1.4
1590.0,Strength,1.3
960.0,HIIT,1.39
827.0,Yoga,1.53
816.0,Yoga,2.0
524.0,Strength,1.14
880.0,Yoga,1.53
1239.0,Cardio,0.76
1086.0,Cardio,1.18
1128.0,Yoga,1.46
1783.0,Cardio,2.0
1783.0,Cardio,1.1
768.0,Cardio,1.25
993.0,Yoga,1.6
1141.0,Yoga,1.58
1006.0,Yoga,1.77
1107.0,HIIT,1.52
1368.0,Strength,1.38
708.0,,1.21
790.0,Strength,1.12
868.0,Yoga,2.0
682.0,HIIT,1.26
1115.0,Strength,1.1
734.0,Strength,1.31
940.0,Strength,0.72
1281.0,\nStrength,2.0
628.0,HIIT,1.14
638.0,HIIT,2.0
608.0,Cardio,1.41
1116.0,Strength,1.44
825.0,HIIT,1.08
1030.0,HIIT,0.77
702.0,Cardio,1.08
1033.0,\tYoga,1.25
1131.0,Yoga,1.59
722.0,Cardio,1.59
1403.0,Cardio,1.03
1159.0,Cardio,1.28
721.0,Cardio,0.94
466.0,Cardio,1.66
443.0,Yoga,2.0
1404.0,Strength,1.98
1311.0,HIIT,1.02
526.0,Cardio,2.0
1010.0,Cardio,2.0
949.0,Yoga,1.26
1361.0,Strength,1.85
993.0,Yoga,2.0
881.0,Strength,1.31
478.0,Yoga,2.0
617.0,Strength,1.62
1106.0,Strength,0.89
1266.0,Cardio,1.37
1144.0,Yoga,1.82
1293.0,Yoga,1.1
437.0,Cardio,1.95
968.0,Yoga,1.17
1368.0,Cardio,1.15
676.0,Cardio,1.31
787.0,Cardio,1.28
1439.0,HIIT,1.66
312.0,Yoga,1.01
1431.0,Yoga,1.39
488.0,HIIT,1.79
1379.0,Strength,1.21
708.0,Cardio,1.3
1153.0,Cardio,2.0
960.0,Strength,1.86
600.0,HIIT,1.53
900.0,Strength,1.62
303.0,Strength,1.39
1423.0,Strength,1.43
556.0,Yoga,0.96
1129.0,Strength,0.68
1148.0,HIIT,2.0
1389.0,Yoga,1.1
851.0,Cardio,1.59
1349.0,Strength,2.0
1069.0,Cardio,1.47
1465.0,Yoga,0.92
918.0,Cardio,1.29
1109.0,Yoga,1.63
,Strength,1.08
1410.0,Cardio,1.25
934.0,Strength,0.94
1013.0,Cardio,0.97
1186.0,Cardio,0.63
846.0,Yoga,0.52
1047.0,Yoga,1.48
1066.0,Strength,1.39
1060.0,Cardio,
1133.0,Yoga,0.88
1213.0,Strength,1.0
1319.0,Strength,2.0
494.0,Strength,2.0
682.0,Yoga,1.29
1185.0,Yoga,2.0
1151.0,,1.51
541.0,HIIT,1.93
817.0,Strength,1.17
1273.0,Cardio,1.47
1172.0,,1.24
1445.0,Cardio,1.44
1783.0,Cardio,1.45
962.0,Cardio,1.64
1303.0,Strength,0.85
1098.0,Strength,2.0
507.0,Cardio,1.45
527.0,Strength,2.0
1674.0,Yoga,0.89
964.0,Strength,1.93
406.0,HIIT,1.97
1029.0,,1.49
1198.0,HIIT,0.89
706.0,Cardio,1.32
884.0,Strength,
699.0,HIIT,1.72
1163.0,Cardio,1.71
1074.0,Strength,2.0
1159.0,Cardio,0.9
303.0,Yoga,1.44
1305.0,Cardio,1.27
1709.0,Cardio,1.34
577.0,\nStrength,1.84
924.0,,1.67
1582.0,Strength,2.0
842.0,HIIT,1.04
765.0,Cardio,1.22
860.0,Yoga,1.45
1082.0,Strength,1.25
1640.0,Cardio,1.19
1178.0,Yoga,0.99
811.0,HIIT,1.66
855.0,Cardio,2.0
458.0,,1.19
1187.0,Strength,2.0
1334.0,Cardio,1.65
1184.0,Strength,1.02
477.0,Yoga,1.52
,HIIT,1.89
1633.0,Yoga,1.43
1538.0,Cardio,1.28
857.0,HIIT,1.64
1487.0,Cardio,0.82
879.0,Strength,1.55
867.0,Strength,2.0
913.0,Strength,2.0
1050.0,Yoga,1.46
1568.0,Yoga,1.94
817.0,Strength,1.22
840.0,Cardio,1.29
1248.0,HIIT,1.3
1302.0,HIIT,1.19
1205.0,Strength,1.95
751.0,Strength,1.15
945.0,Strength,2.0
1110.0,HIIT,1.97
1296.0,Yoga,1.67
949.0,Cardio,1.45
1112.0,Yoga,1.6
,Strength,2.0
596.0,Cardio,1.19
1084.0,HIIT,1.9
614.0,HIIT,1.02
831.0,HIIT,2.0
685.0,HIIT,1.42
730.0,Cardio,1.23
749.0,Cardio,1.65
621.0,HIIT,1.95
,HIIT,1.26
1219.0,Yoga,1.46
580.0,Cardio,0.5
1306.0,Cardio,1.42
1242.0,HIIT,1.69
1105.0,Yoga,1.95
624.0,Strength,1.05
691.0,Cardio,1.07
779.0,Strength,1.1
1564.0,,1.04
1265.0,Cardio,
708.0,Yoga,1.39
1132.0,Strength,1.97
474.0,Strength,1.91
758.0,HIIT,1.06
1231.0,Yoga,1.37
1065.0,Strength,2.0
782.0,Yoga,1.95
1619.0,Strength,1.05
1108.0,Cardio,1.46
1027.0,Strength,0.79
860.0,Strength,1.46
864.0,Yoga,0.56
1596.0,Cardio,1.96
1302.0,Yoga,1.15
1211.0,Yoga,1.15
444.0,Yoga,2.0
964.0,HIIT,1.24
487.0,Cardio,1.12
1311.0,Strength,1.3
466.0,Cardio,1.71
785.0,Yoga,1.29
432.0,HIIT,1.78
685.0,Yoga,2.0
1196.0,Cardio,1.3
1110.0,Cardio,0.84
786.0,Yoga,1.51
704.0,HIIT,0.85
1656.0,,0.69
1472.0,HIIT,2.0
699.0,Strength,1.53
1214.0,Cardio,1.24
919.0,Cardio,0.96
1362.0,Cardio,1.52
1114.0,HIIT,0.58
,Yoga,1.18
1460.0,HIIT,1.48
1751.0,HIIT,2.0
1083.0,Strength,1.34
1389.0,Cardio,1.55
1162.0,Strength,2.0
1223.0,Strength,1.8
1783.0,Yoga,
1073.0,HIIT,1.36
1436.0,Strength,1.94
741.0,Cardio,1.3
1019.0,HIIT,1.45
682.0,\tCardio,1.13
1141.0,Cardio,1.4
1046.0,,1.46
933.0,Strength,1.3
1783.0,HIIT,1.69
715.0,Cardio,0.95
939.0,Strength,1.05
1353.0,Cardio,0.96
813.0,Cardio,1.15
1104.0,Strength,1.19
727.0,Yoga,1.52
1073.0,Cardio,1.87
682.0,Strength,0.78
1783.0,Yoga,0.68
758.0,Strength,1.68
698.0,Strength,1.39
1256.0,Cardio,2.0
1117.0,HIIT,1.93
1564.0,Yoga,1.18
1285.0,Cardio,1.1
1044.0,Cardio,1.42
1108.0,Strength,1.79
1179.0,Strength,1.78
859.0,HIIT,1.49
940.0,Cardio,0.83
1047.0,Cardio,0.77
775.0,Strength,1.14
1298.0,HIIT,1.32
993.0,Strength,2.0
715.0,Yoga,1.07
731.0,Yoga,1.79
1068.0,Strength,0.86
742.0,Strength,2.0
717.0,HIIT,1.49
1220.0,Cardio,1.36
1148.0,Yoga,1.62
766.0,Cardio,0.84
1063.0,HIIT,1.21
1361.0,HIIT,1.61
1261.0,Cardio,1.2
1175.0,Strength,1.24
1783.0,Yoga,0.62
877.0,Yoga,2.0
1303.0,Strength,
929.0,HIIT,1.99
1091.0,Cardio,2.0
1783.0,Yoga,2.0
816.0,Cardio,1.64
1168.0,Yoga,2.0
669.0,HIIT,1.44
710.0,Cardio,0.88
723.0,HIIT,1.31
1130.0,Yoga,2.0
1437.0,Yoga,1.16
533.0,Yoga,1.78
1175.0,HIIT,0.97
1408.0,Strength,1.16
419.0,Cardio,1.48
1263.0,Strength,0.98
614.0,Cardio,1.36
1783.0,HIIT,2.0
642.0,Yoga,2.0
1048.0,Strength,1.24
1043.0,Cardio,0.85
1131.0,Yoga,2.0
893.0,HIIT,1.33
775.0,Yoga,1.09
1374.0,HIIT,1.99
843.0,Yoga,1.63
1470.0,Cardio,1.1
1187.0,Cardio,1.16
854.0,HIIT,1.37
1050.0,Strength,2.0
1171.0,HIIT,1.37
1360.0,Strength,1.02
1783.0,Strength,1.37
614.0,Strength,1.4
1783.0,Cardio,1.88
915.0,Yoga,1.38
1375.0,Strength,1.09
1608.0,Cardio,1.38
676.0,Yoga,1.44
952.0,Strength,1.45
984.0,HIIT,1.12
1114.0,Yoga,1.7
962.0,Strength,1.09
1783.0,,1.47
999.0,Strength,1.45
1229.0,Cardio,1.92
1427.0,Strength,1.43
567.0,HIIT,1.61
1725.0,Strength,1.18
1156.0,Yoga,1.39
649.0,Strength,1.49
1480.0,Yoga,1.28
1266.0,HIIT,1.32
837.0,Strength,1.51
887.0,Strength,1.91
816.0,Yoga,2.0
1276.0,,1.01
1213.0,Strength,2.0
335.0,Strength,1.18
792.0,Yoga,0.97
570.0,Strength,1.45
771.0,Cardio,1.13
1098.0,Strength,0.85
1382.0,Strength,1.04
1048.0,Strength,1.18
495.0,Strength,1.67
990.0,Cardio,1.46
1013.0,Cardio,1.41
1267.0,HIIT,1.22
918.0,Cardio,1.48
999.0,Cardio,1.56
1040.0,,1.39
1291.0,HIIT,0.96
,Strength,1.33
1628.0,Yoga,1.35
683.0,Yoga,1.64
1486.0,Cardio,1.64
1249.0,Strength,0.56
1050.0,Strength,1.57
1180.0,Yoga,1.41
843.0,Strength,
1740.0,Strength,1.01
804.0,HIIT,1.55
1221.0,HIIT,1.51
505.0,HIIT,1.4
927.0,Cardio,1.32
606.0,Yoga,1.37
436.0,Yoga,1.55
1246.0,HIIT,2.0
1309.0,HIIT,2.0
899.0,\nStrength,0.94
613.0,Strength,1.2
1350.0,HIIT,1.78
1276.0,Yoga,1.97
719.0,Yoga,1.3
913.0,,1.42
1283.0,Cardio,1.57
857.0,Cardio,0.83
776.0,HIIT,1.15
1103.0,Strength,1.46
864.0,Cardio,2.0
758.0,Yoga,1.81
684.0,Yoga,1.91
726.0,Yoga,1.41
1132.0,Yoga,1.98
850.0,HIIT,1.53
1056.0,HIIT,1.93
1481.0,Cardio,1.46
1384.0,Strength,1.42
1183.0,Strength,2.0
923.0,Strength,1.22
1261.0,HIIT,1.28
1306.0,Yoga,2.0
820.0,Strength,1.34
1177.0,HIIT,1.4
1694.0,HIIT,1.43
838.0,Yoga,1.19
797.0,Yoga,1.23
1303.0,Strength,1.38
670.0,Yoga,1.93
892.0,Yoga,1.28
845.0,Yoga,1.0
669.0,Cardio,1.04
674.0,Strength,0.72
829.0,Strength,1.16
974.0,Yoga,1.41
780.0,Strength,1.28
906.0,Yoga,1.26
1326.0,HIIT,1.6
1178.0,Strength,1.83
790.0,Yoga,1.09
954.0,Strength,1.29
1150.0,Yoga,1.12
1590.0,Strength,1.03
1137.0,Yoga,0.94
1359.0,Cardio,
1353.0,HIIT,1.65
625.0,Strength,1.82
1407.0,Cardio,1.5
1389.0,Cardio,1.07
670.0,Cardio,
773.0,Strength,1.82
972.0,Yoga,1.9
486.0,HIIT,1.31
1286.0,Strength,1.46
1089.0,HIIT,1.13
1096.0,Yoga,1.34
724.0,Cardio,0.52
1770.0,\tYoga,1.29
574.0,HIIT,1.47
1571.0,Yoga,2.0
1476.0,Yoga,1.53
1121.0,Yoga,0.92
1651.0,Strength,1.51
441.0,Cardio,1.18
984.0,Strength,1.22
368.0,HIIT,1.9
771.0,Strength,0.89
846.0,Strength,1.28
992.0,Cardio,0.58
408.0,HIIT,0.72
420.0,HIIT,0.84
1175.0,\tCardio,1.14
1063.0,Cardio,1.49
963.0,Cardio,1.42
1047.0,HIIT,1.99
737.0,Cardio,1.66
1084.0,Cardio,2.0
984.0,Cardio,0.89
813.0,Strength,1.49
1436.0,Yoga,1.5
1184.0,Yoga,0.82
801.0,Cardio,1.39
871.0,Cardio,1.37
880.0,\tYoga,0.5
1137.0,Yoga,2.0
1092.0,HIIT,1.25
1367.0,Yoga,1.51
1204.0,Yoga,1.07
1205.0,Yoga,1.68
1507.0,Cardio,1.13
645.0,Strength,2.0
1128.0,Strength,1.48
,Yoga,0.96
1088.0,Cardio,1.33
1783.0,Strength,1.2
1146.0,Cardio,1.2
1014.0,Cardio,1.58
574.0,Cardio,1.14
995.0,HIIT,1.58
886.0,Strength,0.9
870.0,Yoga,2.0
1149.0,HIIT,1.48
1721.0,HIIT,1.5
928.0,HIIT,1.22
303.0,Cardio,1.64
1153.0,Yoga,1.44
1293.0,Yoga,0.95
1118.0,Yoga,1.85
612.0,Cardio,1.11
1386.0,Cardio,2.0
1783.0,Cardio,0.5
1175.0,HIIT,1.03
1153.0,Yoga,1.42
1267.0,HIIT,0.57
375.0,Yoga,1.23
1405.0,Cardio,1.19
968.0,Cardio,1.55
493.0,Yoga,1.27
1239.0,Strength,1.28
1155.0,Cardio,1.44
1420.0,Strength,1.24
536.0,HIIT,0.84
766.0,HIIT,2.0
596.0,Strength,1.64
1024.0,Cardio,1.41
878.0,Yoga,1.99
1030.0,Yoga,0.95
606.0,HIIT,1.61
772.0,HIIT,0.78
564.0,Strength,1.44
1193.0,Cardio,1.22
888.0,Strength,0.85
1783.0,Strength,0.74
483.0,HIIT,1.16
765.0,HIIT,2.0
1576.0,Yoga,1.25
723.0,Strength,1.41
1482.0,Strength,0.92
1151.0,Yoga,0.6
972.0,HIIT,1.67
732.0,HIIT,0.83
834.0,Strength,1.28
1108.0,Yoga,2.0
535.0,HIIT,1.96
1046.0,Yoga,1.23
767.0,Yoga,2.0
971.0,HIIT,1.15
1058.0,\tYoga,1.08
1105.0,\nStrength,1.11
1259.0,Strength,2.0
998.0,HIIT,1.12
1285.0,HIIT,2.0
897.0,Yoga,1.97
1109.0,Yoga,1.2
1292.0,HIIT,1.22
804.0,Strength,1.43
1044.0,HIIT,1.23
1382.0,HIIT,1.66
1256.0,Cardio,1.43
921.0,Strength,0.98
863.0,Yoga,2.0
855.0,Strength,2.0
925.0,Strength,1.29
1461.0,Strength,1.47
707.0,Strength,1.15
466.0,Cardio,2.0
1076.0,HIIT,0.98
,Yoga,1.73
480.0,Yoga,1.38
706.0,Cardio,1.31
808.0,HIIT,0.99
1153.0,HIIT,1.51
996.0,HIIT,1.38
828.0,Yoga,1.18
1029.0,Cardio,1.07
1001.0,Strength,1.68
686.0,Strength,1.23
1126.0,Cardio,2.0
708.0,,1.46
985.0,Yoga,1.01
577.0,Yoga,1.43
,Cardio,0.93
647.0,Yoga,1.99
1263.0,,1.68
1609.0,Cardio,1.47
1018.0,Yoga,1.15
1009.0,Cardio,1.79
1462.0,Yoga,2.0
,HIIT,1.43
1321.0,HIIT,1.84
977.0,Strength,1.14
1703.0,Strength,1.26
1295.0,Cardio,1.54
1130.0,Cardio,1.54
,Cardio,2.0
1783.0,Cardio,1.95
1396.0,Yoga,2.0
950.0,HIIT,2.0
1080.0,Cardio,1.23
686.0,Cardio,1.43
907.0,Strength,0.53
826.0,Cardio,1.03
587.0,Yoga,1.61
752.0,Yoga,1.34
501.0,HIIT,1.4
1121.0,\nStrength,1.59
854.0,HIIT,1.7
664.0,Yoga,0.9
904.0,,1.34
869.0,,0.96
1380.0,Strength,2.0
1668.0,Strength,0.93
1386.0,Strength,1.3
1741.0,Strength,1.65
303.0,Yoga,1.56
1376.0,Yoga,1.35
582.0,Cardio,1.96
786.0,HIIT,2.0
1117.0,HIIT,0.98
1071.0,,1.89
759.0,Strength,0.91
1144.0,HIIT,1.52
1152.0,Strength,1.47
1040.0,Cardio,1.17
350.0,HIIT,1.56
,Strength,1.77
802.0,HIIT,1.16
1783.0,Cardio,1.28
1221.0,Strength,0.92
1766.0,HIIT,1.1
1058.0,Strength,1.44
606.0,Strength,0.84
1455.0,Yoga,2.0
1230.0,Cardio,1.45
1247.0,Strength,0.7
1772.0,Cardio,
1208.0,Cardio,0.66
1672.0,Yoga,0.99
1277.0,Yoga,1.44
953.0,Strength,1.32
979.0,Yoga,1.71
1002.0,Strength,1.27
1225.0,Yoga,1.06
1108.0,Cardio,0.93
758.0,Cardio,1.4
1030.0,HIIT,2.0
1113.0,Cardio,1.45
1337.0,Yoga,1.77
1289.0,HIIT,1.01
918.0,,1.25
1155.0,Cardio,1.4
367.0,Yoga,1.05
1019.0,Yoga,1.16
1238.0,Cardio,1.15
1143.0,Strength,1.46
1410.0,HIIT,1.57
1474.0,Yoga,1.26
1709.0,Cardio,1.47
1656.0,Strength,1.98
978.0,Cardio,1.2
416.0,Cardio,2.0
862.0,HIIT,0.72
1001.0,Strength,1.33
1181.0,HIIT,2.0
608.0,Yoga,1.03
1337.0,HIIT,2.0
1297.0,Yoga,1.94
1642.0,Yoga,1.45
941.0,HIIT,1.1
991.0,Strength,1.23
1441.0,Cardio,0.89
629.0,Strength,1.11
1121.0,Yoga,1.05
733.0,HIIT,1.17
1783.0,Cardio,1.34
917.0,HIIT,1.27
943.0,Cardio,0.89
314.0,HIIT,1.27
746.0,Yoga,1.21
944.0,HIIT,0.86
1741.0,Yoga,1.37
1232.0,Cardio,1.02
1166.0,Yoga,1.33
712.0,Cardio,1.5
1265.0,Strength,1.85
1001.0,HIIT,1.64
1024.0,Cardio,1.26
1277.0,Yoga,0.94
1005.0,HIIT,2.0
1104.0,HIIT,1.17
715.0,HIIT,1.34
1104.0,HIIT,2.0
947.0,Strength,1.05
933.0,HIIT,0.58
796.0,\nStrength,1.46
1265.0,Cardio,1.65
1240.0,Yoga,1.2
1371.0,HIIT,0.76
1009.0,HIIT,2.0
361.0,Strength,1.22
953.0,,1.48
881.0,Yoga,1.93
911.0,Strength,1.28
1443.0,HIIT,0.98
1508.0,Yoga,2.0
1200.0,Cardio,1.27
848.0,,1.57
571.0,Strength,1.62
1286.0,Cardio,1.6
1075.0,HIIT,1.65
1088.0,HIIT,1.48
1364.0,HIIT,1.49
1345.0,Strength,1.56
1586.0,Strength,1.29
772.0,Cardio,1.69
1133.0,Cardio,1.0
708.0,Yoga,1.13
505.0,Strength,1.26
883.0,HIIT,2.0
1070.0,Yoga,1.57
833.0,Strength,2.0
815.0,Strength,1.32
1783.0,HIIT,1.49
1190.0,Cardio,1.25
1783.0,Yoga,2.0
1014.0,Yoga,0.79
1175.0,Strength,1.35
808.0,Cardio,0.82
1306.0,Strength,1.51
1556.0,Yoga,0.95
828.0,Yoga,1.51
569.0,Strength,0.99
827.0,Strength,1.97
577.0,Cardio,1.45
823.0,Cardio,1.93
680.0,,1.65
829.0,HIIT,1.22
,Strength,2.0
373.0,Strength,0.86
976.0,Yoga,0.74
1270.0,HIIT,
1165.0,Cardio,0.5
1395.0,Strength,1.82
466.0,Yoga,1.38
963.0,Strength,1.11
677.0,Cardio,1.12
1180.0,HIIT,1.38
933.0,Strength,1.78
1093.0,Yoga,1.43
1115.0,Yoga,
862.0,Strength,1.87
1091.0,Yoga,0.92
1123.0,Yoga,1.64
517.0,Cardio,2.0
1157.0,Strength,1.46
926.0,Strength,1.54
694.0,Yoga,0.88
1145.0,HIIT,0.97
748.0,HIIT,0.94
1236.0,Yoga,1.51
1143.0,Yoga,1.64
1753.0,Strength,1.89
744.0,HIIT,1.17
1139.0,HIIT,0.94
972.0,Strength,1.68
597.0,HIIT,0.93
1083.0,Yoga,0.97
1233.0,Cardio,1.29
840.0,Cardio,1.2
917.0,Cardio,0.85
1710.0,Strength,1.55
1081.0,Yoga,1.5
788.0,Yoga,2.0
1760.0,Strength,1.88
804.0,HIIT,0.63
1381.0,Cardio,2.0
1534.0,Yoga,0.75
1279.0,Yoga,1.46
945.0,Strength,1.24
658.0,,1.35
1194.0,HIIT,1.33
1285.0,Yoga,1.75
1506.0,HIIT,1.38
499.0,HIIT,1.69
1011.0,Yoga,1.13
1086.0,HIIT,1.27
900.0,Yoga,1.04
1142.0,Cardio,1.16
686.0,Yoga,1.53
819.0,Strength,1.21
916.0,Yoga,1.94
851.0,\nStrength,1.65
634.0,Strength,1.25
874.0,Yoga,0.89
1465.0,Cardio,0.85
841.0,Cardio,1.22
900.0,Yoga,1.63
494.0,\tYoga,2.0
640.0,Cardio,2.0
1497.0,Strength,1.27
877.0,Yoga,0.73
733.0,Strength,1.07
497.0,Cardio,1.0
1068.0,HIIT,1.55
1273.0,HIIT,1.54
849.0,Cardio,1.63
1783.0,Yoga,2.0
733.0,Strength,1.66
738.0,Strength,1.07
753.0,HIIT,1.13
842.0,Strength,1.08
1237.0,Cardio,0.74
1099.0,Yoga,1.1
963.0,Yoga,0.86
619.0,HIIT,1.94
1783.0,Strength,1.33
729.0,,0.5
1058.0,Yoga,1.57
1278.0,Yoga,1.18
1593.0,Cardio,1.09
1643.0,Strength,1.21
659.0,HIIT,1.4
1015.0,HIIT,2.0
1108.0,Cardio,1.02
785.0,HIIT,0.73
976.0,Cardio,1.44
438.0,Strength,1.25
758.0,Cardio,1.1
770.0,Cardio,1.21
943.0,HIIT,1.1
1079.0,Cardio,1.35
1211.0,\tCardio,1.87
1385.0,Yoga,1.62
1238.0,Strength,0.86
945.0,HIIT,1.19
406.0,Yoga,1.79
1001.0,Yoga,1.18
1009.0,Yoga,1.31
1012.0,Cardio,1.39
1080.0,,
1186.0,Cardio,1.21
872.0,Cardio,0.87
1154.0,Cardio,0.81
1179.0,,1.59
1251.0,Yoga,1.46
1392.0,HIIT,1.12
794.0,Yoga,1.28
484.0,Cardio,1.24
1065.0,Cardio,1.53
1233.0,Strength,1.71
669.0,Yoga,1.09
1783.0,Yoga,1.37
1415.0,Cardio,1.14
705.0,Cardio,1.47
1082.0,HIIT,2.0
1039.0,HIIT,1.22
992.0,,0.79
1624.0,\tYoga,1.5
1339.0,Cardio,1.46
1064.0,Cardio,0.94
1132.0,HIIT,1.45
804.0,Cardio,1.48
858.0,HIIT,2.0
1287.0,Cardio,1.6
548.0,HIIT,1.11
354.0,Cardio,1.4
1260.0,\nStrength,0.87
1783.0,Strength,2.0
1148.0,Strength,1.09
501.0,Yoga,1.32
671.0,Yoga,1.29
1296.0,Strength,1.29
445.0,Strength,1.67
1080.0,Yoga,0.86
909.0,Strength,1.22
1275.0,Yoga,1.47
1307.0,Strength,1.49
1093.0,HIIT,1.15
1098.0,Strength,1.37
574.0,Cardio,1.52
983.0,Yoga,1.3
954.0,Cardio,1.59
1184.0,Yoga,1.45
684.0,Strength,2.0
1049.0,Cardio,1.97
921.0,Strength,0.9
1391.0,Strength,1.86
987.0,Yoga,2.0
729.0,Cardio,1.04
1063.0,HIIT,1.2
1332.0,Yoga,1.86
716.0,HIIT,1.4
864.0,Cardio,0.5
926.0,Strength,1.12
1144.0,Cardio,1.55
881.0,HIIT,1.66
1700.0,Cardio,1.93
691.0,,1.28
1310.0,Strength,2.0
1098.0,HIIT,0.84
573.0,\tCardio,1.41
929.0,Cardio,1.44
1122.0,Yoga,1.83
1015.0,HIIT,0.77
640.0,Yoga,0.95
492.0,HIIT,1.48
1049.0,Strength,1.12
1201.0,Yoga,1.3
821.0,Strength,1.33
303.0,Strength,
690.0,Yoga,1.18
744.0,HIIT,1.18
1159.0,Cardio,2.0
648.0,Strength,1.28
1515.0,Strength,1.98
1386.0,HIIT,1.39
1140.0,Cardio,1.48
1088.0,HIIT,1.77
901.0,HIIT,1.4
594.0,HIIT,1.1
658.0,HIIT,1.48
1239.0,Cardio,1.34
1130.0,Cardio,2.0
389.0,Cardio,1.21
1140.0,Yoga,1.71
1381.0,Cardio,1.53
926.0,Yoga,2.0
1174.0,Cardio,1.66
1227.0,HIIT,0.62
494.0,Strength,1.85
1305.0,Strength,1.57
747.0,HIIT,1.02
898.0,Strength,2.0
770.0,\tCardio,1.11
674.0,Cardio,0.78
898.0,Strength,1.74
602.0,HIIT,2.0
1057.0,Yoga,2.0
997.0,Strength,1.19
900.0,Cardio,1.19
1418.0,\tYoga,1.42
613.0,Strength,1.11
793.0,HIIT,1.62
1536.0,HIIT,1.01
920.0,Yoga,2.0
681.0,HIIT,1.26
1267.0,HIIT,1.24
1135.0,Cardio,1.14
1011.0,Cardio,1.01
891.0,HIIT,1.27
413.0,Strength,1.59
927.0,Cardio,1.35
625.0,Strength,1.45
803.0,Yoga,2.0
1260.0,HIIT,1.24
933.0,Yoga,1.79
1392.0,Yoga,1.19
995.0,HIIT,1.38
1643.0,Strength,1.38
1265.0,Yoga,1.02
303.0,Strength,1.28
1216.0,Cardio,0.99
993.0,Strength,1.85
1699.0,Yoga,1.46
921.0,Cardio,1.6
1382.0,HIIT,1.54
1245.0,Strength,1.62
1103.0,Yoga,0.73
663.0,Cardio,1.49
925.0,Strength,1.95
1266.0,Yoga,0.54
1321.0,Strength,1.43
1177.0,Strength,1.15
1226.0,HIIT,1.54
1724.0,Yoga,2.0
1382.0,Yoga,1.3
1287.0,Cardio,1.27
1045.0,Yoga,1.14
576.0,HIIT,1.58
806.0,Cardio,1.34
1223.0,Strength,1.11
571.0,Strength,1.05
1505.0,Yoga,1.99
453.0,Cardio,2.0
961.0,Yoga,1.13
1305.0,HIIT,1.09
812.0,Strength,1.34
1171.0,Cardio,1.3
572.0,HIIT,1.5
1021.0,Strength,1.29
1531.0,HIIT,0.97
829.0,Strength,0.82
887.0,Strength,1.38
670.0,Cardio,1.36
955.0,Cardio,1.51
1305.0,Cardio,0.71
1747.0,Yoga,2.0
1234.0,HIIT,0.95
1517.0,Yoga,1.48
889.0,Strength,0.83
1355.0,Strength,1.38
984.0,Strength,1.92
1108.0,Strength,1.04
1015.0,,1.59
723.0,Strength,2.0
697.0,Cardio,1.2
1272.0,HIIT,1.28
457.0,HIIT,1.33
1091.0,HIIT,1.41
781.0,Cardio,1.48
572.0,Cardio,1.29
717.0,HIIT,2.0
448.0,HIIT,1.36
1631.0,Strength,1.22
596.0,HIIT,1.45
1061.0,Cardio,1.01
770.0,HIIT,1.07
580.0,Cardio,1.29
783.0,Strength,1.33
1113.0,Strength,1.85
809.0,HIIT,1.96
830.0,Strength,2.0
1331.0,Strength,1.04
1025.0,Cardio,1.22
384.0,Cardio,1.41
1057.0,Cardio,1.5
784.0,HIIT,0.8
1120.0,HIIT,1.21
914.0,HIIT,1.53
1257.0,Strength,
1089.0,Strength,1.94
880.0,,1.05
865.0,HIIT,1.0
1097.0,Strength,1.21
882.0,Cardio,0.68
,,1.07
1384.0,Cardio,1.15
1358.0,HIIT,1.16
1380.0,Yoga,1.76
400.0,Cardio,1.32
1339.0,Strength,1.33
601.0,Strength,1.02
1283.0,HIIT,2.0
555.0,,1.96
716.0,Strength,1.57
1556.0,Yoga,1.29
840.0,Yoga,1.99
667.0,Cardio,0.97
1249.0,HIIT,1.55
1783.0,HIIT,1.97
1217.0,Strength,1.46
1065.0,HIIT,1.71
966.0,HIIT,1.26
1262.0,HIIT,1.08
1662.0,HIIT,0.53
539.0,HIIT,0.95
589.0,HIIT,0.77
689.0,Cardio,1.05
622.0,Cardio,0.75
665.0,\nStrength,1.24
745.0,HIIT,2.0
1246.0,Strength,1.06
748.0,Cardio,2.0
957.0,Strength,1.43
1610.0,Strength,1.24
901.0,HIIT,1.94
,Yoga,1.11
1213.0,,1.49
1172.0,Cardio,2.0
1259.0,HIIT,0.77
1119.0,HIIT,2.0
875.0,Cardio,1.97
1335.0,Yoga,1.11
626.0,Strength,1.4
1099.0,HIIT,1.85
1008.0,Cardio,1.59
1137.0,Yoga,1.38
1177.0,Strength,0.87
875.0,HIIT,1.48
399.0,HIIT,1.24
699.0,,1.27
1197.0,Strength,1.34
1421.0,Yoga,1.06
1783.0,Yoga,1.17
1709.0,HIIT,0.87
1246.0,Strength,1.56
957.0,Cardio,2.0
530.0,Yoga,1.73
1262.0,Strength,1.28
1042.0,Yoga,2.0
803.0,HIIT,1.4
933.0,HIIT,2.0
1522.0,Strength,1.47
512.0,Strength,1.66
785.0,Yoga,1.48
511.0,HIIT,1.1
1186.0,\tCardio,1.17
1043.0,Yoga,1.35
1053.0,Yoga,1.39
871.0,Cardio,
1032.0,HIIT,1.49
1124.0,Strength,1.34
1066.0,Strength,1.54
958.0,Strength,1.3
1092.0,Cardio,1.16
1783.0,HIIT,1.27
1107.0,Cardio,2.0
958.0,Yoga,2.0
624.0,Strength,1.38
1333.0,HIIT,1.57
912.0,Cardio,0.96
911.0,Cardio,1.1
1596.0,Strength,0.62
1006.0,Yoga,0.72
1321.0,Strength,1.42
1178.0,HIIT,1.22
1285.0,HIIT,1.55
903.0,Cardio,1.7
704.0,Strength,1.49
900.0,Cardio,0.9
872.0,Cardio,1.1
1326.0,Strength,1.23
801.0,Cardio,1.44
1277.0,Cardio,1.89
1116.0,Strength,1.55
462.0,Strength,1.78
877.0,Strength,0.91
1200.0,Strength,1.5
1033.0,Cardio,1.02
1078.0,HIIT,1.31
1064.0,Yoga,1.28
1355.0,Yoga,1.29
827.0,Yoga,1.3
1145.0,Yoga,1.59
655.0,Strength,1.09
969.0,Yoga,1.1
1418.0,Cardio,2.0
1631.0,Yoga,1.61
1515.0,Cardio,1.12
1071.0,HIIT,0.86
935.0,Yoga,1.52
968.0,Strength,2.0
990.0,HIIT,1.52
1573.0,Yoga,1.43
1545.0,Cardio,1.55
1417.0,Yoga,2.0
1538.0,Cardio,1.73
810.0,Cardio,1.38
693.0,Yoga,1.82
1081.0,Cardio,1.37
514.0,Strength,1.31
1002.0,,1.32
947.0,Yoga,2.0
954.0,HIIT,1.67
1376.0,HIIT,1.51
1032.0,Strength,2.0
911.0,Strength,1.43
1231.0,Strength,2.0
807.0,Strength,1.04
1017.0,HIIT,1.32
1303.0,Cardio,0.94
984.0,HIIT,1.43
1589.0,Yoga,1.33
1216.0,\nStrength,1.35
1078.0,\tYoga,2.0
1188.0,Cardio,1.22
645.0,HIIT,0.9
1376.0,HIIT,1.25
1410.0,Strength,2.0
811.0,HIIT,1.06
303.0,Strength,1.43
681.0,Yoga,1.87
1253.0,Yoga,0.94
1172.0,HIIT,0.58
979.0,HIIT,1.19
1783.0,HIIT,2.0
1562.0,Yoga,1.3
1119.0,,0.72
303.0,Strength,1.6
1090.0,Strength,1.19
,Yoga,1.3
1075.0,Strength,0.93
692.0,Cardio,1.48
1025.0,HIIT,1.91
1419.0,Yoga,1.36
1445.0,Yoga,2.0
538.0,Cardio,2.0
1338.0,Cardio,1.43
1196.0,HIIT,1.09
760.0,Strength,1.32
1249.0,Yoga,1.63
1148.0,Cardio,1.23
1042.0,Yoga,0.91
837.0,Strength,0.95
1036.0,Yoga,1.98
909.0,Yoga,1.32
1268.0,Yoga,1.31
1308.0,Yoga,1.45
839.0,Strength,1.43
1183.0,Strength,1.63
1452.0,Cardio,1.57
1000.0,Strength,1.45
1362.0,Strength,1.32
1357.0,Cardio,1.29
949.0,Cardio,1.37
644.0,Strength,1.39
1144.0,Cardio,1.24
1398.0,Cardio,1.27
567.0,HIIT,1.1
1213.0,Strength,1.33
1458.0,Strength,1.38
636.0,HIIT,1.13
1638.0,HIIT,1.59
1356.0,HIIT,1.13
1293.0,Strength,0.98
1108.0,Yoga,1.32
1183.0,Cardio,1.4
1419.0,Strength,1.53
1647.0,Strength,1.65
1191.0,Yoga,1.32
1215.0,HIIT,1.3
,Yoga,1.13
998.0,HIIT,0.76
717.0,Cardio,2.0
1447.0,HIIT,1.35
650.0,HIIT,1.19
640.0,Strength,1.55
763.0,Strength,1.26
769.0,Cardio,1.68
1244.0,Strength,1.12
1015.0,Cardio,1.34
1411.0,Strength,1.61
1037.0,Cardio,1.87
593.0,HIIT,1.04
1252.0,HIIT,1.06
1144.0,HIIT,1.26
1196.0,Strength,2.0
957.0,Strength,2.0
853.0,Cardio,0.87
1257.0,Yoga,0.68
1330.0,Cardio,1.48
995.0,Yoga,1.16
1047.0,Cardio,1.38
1105.0,Cardio,0.65
895.0,Cardio,1.99
640.0,Strength,1.74
859.0,Cardio,1.49
1179.0,HIIT,1.34
1350.0,Yoga,1.39
540.0,Strength,0.88
466.0,Strength,1.53
576.0,Strength,1.08
1246.0,Cardio,1.78
1028.0,HIIT,0.93
1580.0,HIIT,2.0
1215.0,Strength,0.99
456.0,Strength,0.89
817.0,Cardio,1.12
1783.0,Yoga,1.04
808.0,Yoga,1.49
1336.0,Yoga,2.0
836.0,Cardio,0.94
1090.0,Strength,0.91
771.0,HIIT,0.9
1298.0,Cardio,1.1
684.0,Cardio,1.53
695.0,HIIT,1.88
1093.0,Yoga,2.0
1182.0,HIIT,2.0
1730.0,HIIT,1.79
1632.0,Strength,1.24
872.0,Strength,1.66
595.0,Yoga,1.28
1113.0,Yoga,1.57
1099.0,Strength,1.38
717.0,Strength,1.16
750.0,HIIT,1.5
988.0,Yoga,1.46
1743.0,Strength,2.0
1217.0,,1.41
1084.0,Yoga,1.33
1166.0,Yoga,1.59
1263.0,,1.49
,HIIT,1.2
1783.0,Cardio,2.0
499.0,Yoga,0.65
1186.0,Cardio,1.82
1378.0,Strength,0.92
1113.0,HIIT,2.0
1004.0,Strength,1.45
1095.0,Strength,1.52
781.0,Cardio,0.99
874.0,Yoga,0.54
1057.0,HIIT,1.5
930.0,Yoga,1.18
800.0,Yoga,1.41
913.0,Cardio,1.07
303.0,Strength,1.2
907.0,Yoga,
859.0,Yoga,1.95
694.0,HIIT,1.01
352.0,Yoga,0.73
953.0,Cardio,1.24
1286.0,HIIT,1.3
582.0,Yoga,
760.0,HIIT,0.92
1274.0,Strength,1.01
859.0,Yoga,2.0
979.0,Yoga,1.4
1002.0,Strength,1.48
1262.0,Yoga,0.91
314.0,Cardio,1.82
1126.0,Cardio,1.33
1553.0,Yoga,1.66
503.0,Yoga,1.01
1329.0,Yoga,1.19
325.0,Strength,1.26
1062.0,Strength,2.0
804.0,HIIT,1.33
645.0,Strength,1.25
462.0,Yoga,1.13
798.0,Cardio,0.95
1662.0,Strength,2.0
1263.0,Strength,1.14
1499.0,Yoga,1.16
649.0,Cardio,1.59
1524.0,Cardio,1.21
1222.0,Strength,0.55
1370.0,Cardio,1.03
988.0,Cardio,1.25
918.0,Yoga,2.0
810.0,,1.05
501.0,Strength,1.42
800.0,Strength,1.28
1590.0,Cardio,1.85
901.0,HIIT,1.42
761.0,Strength,1.42
1389.0,Cardio,1.54
1030.0,Strength,1.28
1556.0,Strength,1.28
1345.0,Yoga,1.66
967.0,Yoga,1.35
913.0,HIIT,2.0
1135.0,Yoga,1.39
887.0,Yoga,1.0
1109.0,Yoga,2.0
922.0,HIIT,0.87
787.0,HIIT,1.37
1628.0,Strength,1.44
1067.0,,0.7
1266.0,\tCardio,2.0
1327.0,,
1006.0,Strength,
672.0,Yoga,1.25
1783.0,Strength,1.08
700.0,HIIT,1.16
1254.0,Cardio,1.22
905.0,Strength,2.0
733.0,Yoga,1.41
1018.0,Yoga,0.83
629.0,Strength,1.53
1218.0,Cardio,1.08
1130.0,Cardio,1.5
1115.0,Strength,1.21
1068.0,Yoga,2.0
1083.0,Yoga,1.14
1032.0,Yoga,1.06
1179.0,HIIT,2.0
848.0,Strength,1.37
1259.0,Strength,1.4
635.0,Strength,1.46
906.0,Cardio,1.86
773.0,Cardio,0.98
903.0,,1.27
875.0,Strength,0.86
1163.0,Cardio,1.66
916.0,Cardio,2.0
843.0,Strength,2.0
1705.0,HIIT,1.19
1269.0,Cardio,1.45
562.0,Cardio,1.42
1010.0,Cardio,1.93
739.0,Yoga,0.94
749.0,Yoga,1.4
1338.0,HIIT,2.0
1102.0,HIIT,1.92
562.0,HIIT,1.4
822.0,HIIT,1.84
877.0,Yoga,1.62
409.0,Cardio,1.58
1369.0,HIIT,1.38
1434.0,HIIT,2.0
598.0,Strength,0.97
879.0,Yoga,1.87
1338.0,Strength,1.33
1783.0,Cardio,1.16
1185.0,Strength,1.38
1221.0,Yoga,0.72
1081.0,Yoga,1.99
1010.0,Yoga,1.89
635.0,Yoga,1.59
1208.0,HIIT,1.3
1350.0,Yoga,1.6
662.0,Strength,1.01
594.0,Strength,1.36
985.0,HIIT,0.61
765.0,Yoga,1.64
775.0,HIIT,1.3
1503.0,HIIT,1.06
666.0,HIIT,1.48
904.0,Strength,1.07
685.0,Cardio,1.34
1059.0,Cardio,1.6
1222.0,Cardio,1.46
777.0,Yoga,0.99
819.0,Cardio,0.92
1485.0,,1.99
730.0,Cardio,1.32
935.0,Yoga,2.0
962.0,HIIT,1.41
,Strength,1.05
717.0,Cardio,1.48
1190.0,HIIT,1.9
1562.0,Cardio,1.07
636.0,HIIT,1.79
1132.0,Cardio,1.5
705.0,Cardio,1.42
1096.0,Strength,2.0
1192.0,HIIT,1.63
990.0,Strength,1.06
893.0,HIIT,1.21
998.0,Yoga,2.0
1005.0,,0.97
861.0,Strength,1.16
1479.0,HIIT,1.27
1734.0,Yoga,2.0
1403.0,Cardio,2.0
1436.0,Cardio,1.44
,Strength,1.47
841.0,Yoga,1.13
1196.0,Strength,0.71
542.0,Yoga,1.39
1023.0,Yoga,2.0
1262.0,Cardio,0.52
700.0,Strength,1.24
1204.0,Strength,1.16
1005.0,HIIT,1.51
760.0,Cardio,1.17
1128.0,Strength,1.01
1005.0,HIIT,2.0
1256.0,Strength,1.52
475.0,Yoga,1.69
549.0,Yoga,1.15
1064.0,HIIT,1.19
1169.0,Yoga,1.32
1157.0,Cardio,1.43
1102.0,HIIT,1.17
1343.0,Cardio,1.43
1068.0,Strength,1.3
1297.0,HIIT,1.82
897.0,Cardio,1.1
1117.0,Strength,1.45
858.0,Cardio,1.88
578.0,Strength,1.08
1196.0,HIIT,2.0
1316.0,HIIT,1.0
1317.0,Cardio,1.2
1218.0,HIIT,1.07
1178.0,Cardio,1.33
1757.0,Yoga,2.0
850.0,Strength,1.18
823.0,HIIT,1.15
854.0,Strength,1.39
405.0,Cardio,1.29
1186.0,Yoga,0.76
931.0,Strength,2.0
1348.0,HIIT,1.4
1483.0,Cardio,1.24
997.0,Strength,2.0
708.0,Cardio,1.59
366.0,HIIT,0.95
1412.0,Strength,0.62
1271.0,Yoga,1.4
1140.0,Yoga,1.29
832.0,Yoga,2.0
780.0,HIIT,0.99
1454.0,Cardio,1.52
1243.0,Yoga,2.0
1199.0,Cardio,1.55
532.0,HIIT,1.35
911.0,HIIT,0.8
1090.0,Strength,1.11
1187.0,Yoga,1.29
1783.0,Strength,1.33
1162.0,HIIT,2.0
1210.0,Cardio,1.44
900.0,Yoga,1.86
1388.0,HIIT,1.11
1367.0,HIIT,0.77
1261.0,Strength,1.2
956.0,Cardio,1.04
1178.0,Strength,1.29
